{"step": 74, "train_loss": 0.0, "running_train_loss": 58636.62745285034, "_timestamp": 1678288037.4339397, "_runtime": 17.02917981147766, "_step": 74}