{"epoch": 146, "train_rmse_loss": 0.13357731358093375, "train_mae_loss": 0.04838431815014166, "train_mre_loss": 0.16006319294957555, "_timestamp": 1679148074.1965625, "_runtime": 333.5242395401001, "_step": 294, "val_rmse_loss": 0.1597554452717304, "val_mae_loss": 0.04958431012928486, "val_mre_loss": 0.15088893696665764, "test_rmse_loss": 0.2102947562932968, "test_mae_loss": 0.06234990060329437, "test_mre_loss": 0.16214882135391234}