{"epoch": 999, "running_train_loss": 0.010211226439666158, "_timestamp": 1678467055.107001, "_runtime": 470.1963400840759, "_step": 1999, "running_validation_loss": 0.0006567491339713646}