{"epoch": 1, "train_loss": 0.0, "running_train_loss": 61290.62334442139, "_timestamp": 1678287765.2537804, "_runtime": 30.19947838783264, "_step": 74}