{"epoch": 399, "train_rmse_loss": 0.013163323826430475, "train_mae_loss": 0.009003354526837083, "train_mre_loss": 0.09827097303727093, "_timestamp": 1679144352.1505027, "_runtime": 821.1804986000061, "_step": 800, "val_rmse_loss": 0.010870122909545898, "val_mae_loss": 0.008198302239179611, "val_mre_loss": 0.2534749608486891, "test_rmse_loss": 0.009692871756851674, "test_mae_loss": 0.007454670313745737, "test_mre_loss": 0.060850128531455994, "_wandb": {"runtime": 770}}