{"epoch": 168, "train_rmse_loss": 0.03338993187336361, "train_mae_loss": 0.02482489779153291, "train_mre_loss": Infinity, "_timestamp": 1678887964.4940765, "_runtime": 408.1890513896942, "_step": 338, "val_rmse_loss": 0.02688768841326237, "val_mae_loss": 0.020836756750941276, "val_mre_loss": Infinity, "test_rmse_loss": 0.0335751373320818, "test_mae_loss": 0.02555178515613079, "test_mre_loss": Infinity}