{"epoch": 399, "train_rmse_loss": 0.03465069924645564, "train_mae_loss": 0.026488291231148382, "train_mre_loss": Infinity, "_timestamp": 1679141779.270322, "_runtime": 942.969425201416, "_step": 800, "val_rmse_loss": 0.031340780481696126, "val_mae_loss": 0.024103520996868612, "val_mre_loss": Infinity, "test_rmse_loss": 0.07678365781903267, "test_mae_loss": 0.06080201305449009, "test_mre_loss": Infinity, "_wandb": {"runtime": 534}}