{"epoch": 832, "train_rmse_loss": 0.026074018801252048, "train_mae_loss": 0.012510977629572153, "train_mre_loss": 0.17902151783307393, "_timestamp": 1678746765.3343577, "_runtime": 670.4644596576691, "_step": 1666, "val_rmse_loss": 0.015197548580666383, "val_mae_loss": 0.00940595231950283, "val_mre_loss": 0.04938258255521456, "test_scaled_rmse_loss": 0.0825174169614911, "test_scaled_mae_loss": 0.02964440663345158, "test_scaled_mre_loss": 0.3904389277100563, "test_unscaled_rmse_loss": 52.84309310913086, "test_unscaled_mae_loss": 15.242754268646241, "test_unscaled_mre_loss": Infinity, "_wandb": {"runtime": 656}}