{"epoch": 999, "train_rmse_loss": 0.02877161872883638, "train_mae_loss": 0.011927162675807873, "train_mre_loss": 0.1689517892897129, "_timestamp": 1678795090.7942772, "_runtime": 655.9558801651001, "_step": 2000, "val_rmse_loss": 0.020983357168734073, "val_mae_loss": 0.011344809271395206, "val_mre_loss": 0.06337796573837598, "test_scaled_rmse_loss": 0.08947725119069219, "test_scaled_mae_loss": 0.031930789910256864, "test_scaled_mre_loss": 0.4034231811761856, "test_unscaled_rmse_loss": 52.83919410705566, "test_unscaled_mae_loss": 15.231106567382813, "test_unscaled_mre_loss": Infinity}