{"epoch": 199, "train_rmse_loss": 0.0694596953690052, "train_mae_loss": 0.046027207747101784, "train_mre_loss": 0.39375199377536774, "_timestamp": 1678800512.8638287, "_runtime": 191.36280274391174, "_step": 801, "val_rmse_loss": 0.09172064065933228, "val_mae_loss": 0.06593995913863182, "val_mre_loss": 0.43107765913009644, "test_scaled_rmse_loss": 0.08059670031070709, "test_scaled_mae_loss": 0.05395948886871338, "test_scaled_mre_loss": 1.232848808169365, "test_unscaled_rmse_loss": 52.468387603759766, "test_unscaled_mae_loss": 15.159570217132568, "test_unscaled_mre_loss": Infinity}