{"epoch": 399, "train_rmse_loss": 0.0049548911642940605, "train_mae_loss": 0.0038363972541821355, "train_mre_loss": Infinity, "_timestamp": 1679142762.8084638, "_runtime": 783.5231237411499, "_step": 800, "val_rmse_loss": 0.004413261916488409, "val_mae_loss": 0.003504495555534959, "val_mre_loss": Infinity, "test_rmse_loss": 0.0998793397564441, "test_mae_loss": 0.05546131762675941, "test_mre_loss": Infinity}