{"epoch": 399, "train_rmse_loss": 0.006992540818036479, "train_mae_loss": 0.005075852718094693, "train_mre_loss": 0.05996884368360043, "_timestamp": 1679162845.7712553, "_runtime": 1482.9774923324585, "_step": 800, "val_rmse_loss": 0.0065578452311456205, "val_mae_loss": 0.004615137120708823, "val_mre_loss": 0.032840045541524886, "test_rmse_loss": 0.0061117494478821754, "test_mae_loss": 0.004343600012362003, "test_mre_loss": 0.03409798964858055}