{"epoch": 198, "train_rmse_loss": 0.027590187934829907, "train_mae_loss": 0.017565850957351574, "train_mre_loss": 0.1717628348399611, "_timestamp": 1679156454.6605794, "_runtime": 418.643390417099, "_step": 418, "val_rmse_loss": 0.024989504367113113, "val_mae_loss": 0.016234623547643424, "val_mre_loss": 0.09968268051743508, "test_rmse_loss": 0.019373311102390288, "test_mae_loss": 0.014948373287916183, "test_mre_loss": 0.10048242062330245, "_wandb": {"runtime": 341}}