{"step": 74, "train_loss": 50.56104278564453, "running_train_loss": 57833.207260131836, "_timestamp": 1678288257.3601403, "_runtime": 41.953025341033936, "_step": 74}