{"epoch": 32, "train_loss": 8.754082679748535, "running_train_loss": 31857.053755283356, "_timestamp": 1678288543.637443, "_runtime": 44.16201400756836, "_step": 2456}