{"epoch": 999, "train_rmse_loss": 0.018219226511816185, "train_mae_loss": 0.0075542299294223385, "train_mre_loss": 0.14192848152170578, "_timestamp": 1678745962.2108881, "_runtime": 638.4737510681152, "_step": 2000, "val_rmse_loss": 0.008823428551355999, "val_mae_loss": 0.0054876735433936116, "val_mre_loss": 0.03273897394537926, "test_scaled_rmse_loss": 0.07746038185432554, "test_scaled_mae_loss": 0.026499212253838778, "test_scaled_mre_loss": 0.3696202958002687, "test_unscaled_rmse_loss": 52.81477279663086, "test_unscaled_mae_loss": 15.226980495452882, "test_unscaled_mre_loss": Infinity, "_wandb": {"runtime": 761}}