{"epoch": 399, "train_rmse_loss": 0.007731162028058487, "train_mae_loss": 0.005417060112471089, "train_mre_loss": 0.0491404417244827, "_timestamp": 1679161170.181848, "_runtime": 1035.1395370960236, "_step": 800, "val_rmse_loss": 0.008344290452077985, "val_mae_loss": 0.005684271780773997, "val_mre_loss": 0.040448310971260074, "test_rmse_loss": 0.007819151692092418, "test_mae_loss": 0.005451562441885471, "test_mre_loss": 0.03442983105778694, "_wandb": {"runtime": 1221}}