{"epoch": 999, "train_rmse_loss": 0.026444286728898685, "train_mae_loss": 0.01091558047880729, "train_mre_loss": 0.06482759237289429, "_timestamp": 1678797115.8522801, "_runtime": 586.7967262268066, "_step": 2000, "val_rmse_loss": 0.06606645341962576, "val_mae_loss": 0.023186886527885992, "val_mre_loss": 0.2772503120203813, "test_scaled_rmse_loss": 0.10560395270586014, "test_scaled_mae_loss": 0.0329320122487843, "test_scaled_mre_loss": 0.9855916012078524, "test_unscaled_rmse_loss": 64.93406372070312, "test_unscaled_mae_loss": 23.234361553192137, "test_unscaled_mre_loss": Infinity}