{"epoch": 214, "train_rmse_loss": 0.02085966372533756, "train_mae_loss": 0.013114476006697205, "train_mre_loss": 0.1318348637836821, "_timestamp": 1679157039.8661897, "_runtime": 478.30192375183105, "_step": 430, "val_rmse_loss": 0.015951495710760356, "val_mae_loss": 0.012468009069561959, "val_mre_loss": 0.14350681751966476, "test_rmse_loss": 0.023466110043227673, "test_mae_loss": 0.014986458979547024, "test_mre_loss": 0.07783140242099762, "_wandb": {"runtime": 547}}