{"epoch": 99, "running_train_loss": 0.011738088747952133, "_timestamp": 1678466349.5774724, "_runtime": 69.77950549125671, "_step": 199, "running_validation_loss": 0.0014729300436253348}