{"epoch": 999, "train_rmse_loss": 0.025162838467707237, "train_mae_loss": 0.011273915283381938, "train_mre_loss": 0.19184540793299676, "_timestamp": 1678738263.614519, "_runtime": 1653.8415009975433, "_step": 2000, "val_rmse_loss": 0.01789878960698843, "val_mae_loss": 0.010425217511753241, "val_mre_loss": 0.05152178605397542, "test_scaled_rmse_loss": 0.08220884716138244, "test_scaled_mae_loss": 0.02933166017755866, "test_scaled_mre_loss": 0.3762049987912178, "test_unscaled_rmse_loss": 27.930367851257323, "test_unscaled_mae_loss": 11.100950336456298, "test_unscaled_mre_loss": Infinity}