{"epoch": 399, "train_rmse_loss": 0.029969170996371437, "train_mae_loss": 0.022101592009558396, "train_mre_loss": Infinity, "_timestamp": 1678815178.250439, "_runtime": 468.8083038330078, "_step": 800, "val_rmse_loss": 0.041068906895816326, "val_mae_loss": 0.0293307950720191, "val_mre_loss": Infinity, "test_rmse_loss": 0.026350359618663787, "test_mae_loss": 0.019817209616303445, "test_mre_loss": Infinity}