{"epoch": 99, "running_train_loss": 0.012700271767874558, "_timestamp": 1678465664.2600455, "_runtime": 56.66894054412842, "_step": 199, "running_validation_loss": 275.4004435221354, "_wandb": {"runtime": 39}}