{"epoch": 199, "train_rmse_loss": 0.024221784216077888, "train_mae_loss": 0.014809942218091558, "train_mre_loss": 0.13937403962892644, "_timestamp": 1679157487.428875, "_runtime": 371.4429850578308, "_step": 400, "val_rmse_loss": 0.012950271274894476, "val_mae_loss": 0.009816181007772684, "val_mre_loss": 0.08388176783919335, "test_rmse_loss": 0.025991663336753845, "test_mae_loss": 0.015902804024517537, "test_mre_loss": 0.07774421572685242, "_wandb": {"runtime": 330}}