{"epoch": 399, "train_rmse_loss": 0.012598910779856583, "train_mae_loss": 0.008194600571604337, "train_mre_loss": 0.0837587615584626, "_timestamp": 1679146946.0163414, "_runtime": 1167.2870914936066, "_step": 800, "val_rmse_loss": 0.010857631452381611, "val_mae_loss": 0.008103111013770103, "val_mre_loss": 0.05159971378743648, "test_rmse_loss": 0.01142532005906105, "test_mae_loss": 0.008390561025589705, "test_mre_loss": 0.1618270505219698, "_wandb": {"runtime": 1065}}