{"epoch": 99, "train_rmse_loss": 0.03620557297021151, "train_mae_loss": 0.014942631951222817, "train_mre_loss": 0.22686751315991083, "_timestamp": 1678799131.566093, "_runtime": 102.49088096618652, "_step": 199, "val_rmse_loss": 0.0160961223145326, "val_mae_loss": 0.008643077003459137, "val_mre_loss": 0.048337581505378084}