{"epoch": 999, "train_rmse_loss": 0.026469607185572386, "train_mae_loss": 0.012192732772479455, "train_mre_loss": 0.097975482136632, "_timestamp": 1678735806.8047924, "_runtime": 574.3946843147278, "_step": 2000, "val_rmse_loss": 0.020025042258203028, "val_mae_loss": 0.011957301603009304, "val_mre_loss": -0.007582114233324925, "test_scaled_rmse_loss": 0.08324320139363409, "test_scaled_mae_loss": 0.0299508994910866, "test_scaled_mre_loss": 0.1400861622998491, "test_unscaled_rmse_loss": 37.27421875, "test_unscaled_mae_loss": 16.153386211395265, "test_unscaled_mre_loss": NaN, "_wandb": {"runtime": 442}}