{"epoch": 399, "train_rmse_loss": 0.009067821886171314, "train_mae_loss": 0.005497389238820795, "train_mre_loss": Infinity, "_timestamp": 1679145575.0410419, "_runtime": 768.7890079021454, "_step": 800, "val_rmse_loss": 0.00330785873811692, "val_mae_loss": 0.002550133690237999, "val_mre_loss": Infinity, "test_rmse_loss": 0.003318568971008062, "test_mae_loss": 0.002540938090533018, "test_mre_loss": Infinity}