{"epoch": 999, "train_rmse_loss": 0.03045199252665043, "train_mae_loss": 0.024354341439902782, "train_mre_loss": Infinity, "_timestamp": 1678811422.2333372, "_runtime": 121.64793825149536, "_step": 2000, "val_rmse_loss": 0.037736859172582626, "val_mae_loss": 0.0263283159583807, "val_mre_loss": Infinity, "test_rmse_loss": 0.033198704943060875, "test_mae_loss": 0.024469928815960884, "test_mre_loss": Infinity}