{"epoch": 399, "train_rmse_loss": 0.013026917966849664, "train_mae_loss": 0.00874498288749772, "train_mre_loss": 0.10689323526971481, "_timestamp": 1679158703.4672954, "_runtime": 1119.622421503067, "_step": 801, "val_rmse_loss": 0.009892705827951431, "val_mae_loss": 0.00749784829095006, "val_mre_loss": 0.05580809600651264, "test_rmse_loss": 0.011491042468696833, "test_mae_loss": 0.00834577502682805, "test_mre_loss": 0.05630115941166878}