{"epoch": 99, "running_train_loss": 430.71323806762695, "_timestamp": 1678289011.0115976, "_runtime": 143.9612045288086, "_step": 99}