{"epoch": 999, "train_rmse_loss": 0.03480190855761369, "train_mae_loss": 0.014161071181297303, "train_mre_loss": 0.20055145666003227, "_timestamp": 1678796124.4178083, "_runtime": 741.1520593166351, "_step": 2000, "val_rmse_loss": 0.022251334848503272, "val_mae_loss": 0.011858718500783046, "val_mre_loss": 0.06909457917014758, "test_scaled_rmse_loss": 0.09065129980444908, "test_scaled_mae_loss": 0.03135095527395606, "test_scaled_mre_loss": 0.40271648541092875, "test_unscaled_rmse_loss": 52.98638076782227, "test_unscaled_mae_loss": 15.535783672332764, "test_unscaled_mre_loss": Infinity}