{"epoch": 105, "train_rmse_loss": 0.20110562846941107, "train_mae_loss": 0.13736948844264535, "train_mre_loss": Infinity, "_timestamp": 1678886228.492645, "_runtime": 287.0410361289978, "_step": 212, "val_rmse_loss": 0.1976625606417656, "val_mae_loss": 0.13526291251182557, "val_mre_loss": Infinity, "test_rmse_loss": 0.19572286903858185, "test_mae_loss": 0.1327354222536087, "test_mre_loss": Infinity}