{"epoch": 595, "train_rmse_loss": 0.026909416330357393, "train_mae_loss": 0.012375214534501234, "train_mre_loss": 0.20909965440630912, "_timestamp": 1678748484.40077, "_runtime": 440.13145089149475, "_step": 1191, "val_rmse_loss": 0.017891976796090604, "val_mae_loss": 0.011094518440465133, "val_mre_loss": 0.07713853046298028}