{"epoch": 999, "train_rmse_loss": 0.02441991671919823, "train_mae_loss": 0.011328471805900336, "train_mre_loss": 0.19659207252164682, "_timestamp": 1678743434.2971349, "_runtime": 953.6666059494019, "_step": 2001, "val_rmse_loss": 0.01661012334128221, "val_mae_loss": 0.010030537626395624, "val_mre_loss": 0.05438507422804832, "test_scaled_rmse_loss": 0.08228149246424436, "test_scaled_mae_loss": 0.029537543002516032, "test_scaled_mre_loss": 0.37860066443681717, "test_unscaled_rmse_loss": 31.51013641357422, "test_unscaled_mae_loss": 15.997926425933837, "test_unscaled_mre_loss": Infinity, "_wandb": {"runtime": 596}}