{"epoch": 999, "train_rmse_loss": 0.026150915616502363, "train_mae_loss": 0.012038382353881995, "train_mre_loss": 0.09010891888911525, "_timestamp": 1678731872.1583707, "_runtime": 466.48247480392456, "_step": 1999, "val_rmse_loss": 0.01939868088811636, "val_mae_loss": 0.011458040432383616, "val_mre_loss": -0.016261438156167665}