{"epoch": 999, "train_rmse_loss": 0.02167323898524046, "train_mae_loss": 0.009370069447904826, "train_mre_loss": 0.1721176616102457, "_timestamp": 1678745099.9893675, "_runtime": 475.4995095729828, "_step": 2000, "val_rmse_loss": 0.011643298249691725, "val_mae_loss": 0.0068003580284615355, "val_mre_loss": 0.037685788422822955, "test_scaled_rmse_loss": 0.0794516570866108, "test_scaled_mae_loss": 0.027612567599862813, "test_scaled_mre_loss": 0.37198865655809643, "test_unscaled_rmse_loss": 52.844347381591795, "test_unscaled_mae_loss": 15.281446361541748, "test_unscaled_mre_loss": Infinity, "_wandb": {"runtime": 407}}