{"epoch": 399, "train_rmse_loss": 0.031413605107980615, "train_mae_loss": 0.022610526488107793, "train_mre_loss": Infinity, "_timestamp": 1678816176.9774354, "_runtime": 425.2567572593689, "_step": 800, "val_rmse_loss": 0.026803359389305115, "val_mae_loss": 0.020234725251793862, "val_mre_loss": Infinity, "test_rmse_loss": 0.024777576699852942, "test_mae_loss": 0.018849078193306924, "test_mre_loss": Infinity}