{"epoch": 999, "train_rmse_loss": 0.026490454288820426, "train_mae_loss": 0.01218314997230967, "train_mre_loss": 0.10711300590075552, "_timestamp": 1678735195.5906193, "_runtime": 1201.347234249115, "_step": 2003, "val_rmse_loss": 0.019163695350289344, "val_mae_loss": 0.011234687734395265, "val_mre_loss": -0.0030475575166443985, "test_rmse_loss": 0.082418760843575, "test_mae_loss": 0.029447349580004813, "test_mre_loss": 0.14517791911493988}