{"epoch": 99, "running_train_loss": 0.01250214211565132, "_timestamp": 1678466116.7929113, "_runtime": 78.82066440582275, "_step": 199, "running_validation_loss": 497.4822611490885}